NOM REÇU;FILIÈRE;TÉLÉPHONE;CODE D’ACCÈS;NOM ENREGISTRÉ
N'GUESSAN ANGOUA WILSON;IDE;0768857593;NG593;N'GUESSAN ANGOUA WILSON
YAPI CYRILLE TERESSA;IDE;0714497051;YC051;YAPI CYRILLE TERESSA
BROU TANO JACOB;IDE;0708379965;BT965;BROU TANO JACOB
KOUAME KOSSIA VICTOIRE;SFM;0546609501;KK501;KOUAME KOSSIA VICTOIRE
YAO N'DELY KOUAKOU ALEXIS;IDE;0706991665;YN665;YAO N'DELY KOUAKOU ALEXIS
BOUSSOU KOUADIO TAKIA BLANCHE EDWIGE;SFM;0707949768;BK768;BOUSSOU KOUADIO TAKIA BLANCHE EDWIGE
DJEDOU KOUADIO THÉODORE;IDE;0704028695;DK695;DJEDOU KOUADIO THÉODORE
BADO DJAKARIDJA;IDE;0757023451;BD451;BADO DJAKARIDJA
BODE YAPO GERMAIN;SFM;0554223917;BY917;BODE YAPO GERMAIN
KOUASSI AMOUAN RUTH;SFM;0504608557;KA557;KOUASSI AMOUAN RUTH
KOUAME AKISSI OLY JENNIFER;SFM;0712250970;KA970;KOUAME AKISSI OLY JENNIFER
ASSE KOUADJO ARIEL KAN BAULEAUD;IDE;0779812994;AK994;ASSE KOUADJO ARIEL KAN BAULEAUD
AMAN YEMOLE NAOMIE;IDE;0708131994;AY994;AMAN YEMOLE NAOMIE
OUREGA GNONSIOR GRÂCE;SFM;0757897800;OG800;OUREGA GNONSIOR GRÂCE
IRIE LOU FAIYE AUDREY;SFM;0788260397;IL397;IRIE LOU FAIYE AUDREY
TRAORE MOUHAMADOU;IDE;0749140278;TM278;TRAORE MOUHAMADOU
AKEI JEAN FREDDY LÉANDRE;IDE;0140621162;AJ162;AKEI JEAN FREDDY LÉANDRE
ASSALE YEBY FRANCK DANIEL;IDE;0709833646;AY646;ASSALE YEBY FRANCK DANIEL
EDI STÉPHANE LOÏS;IDE;0799507291;ES291;EDI STÉPHANE LOÏS
KOUADIO ADJOUA ANNA MARIANA;IDE;0777132042;KA042;KOUADIO ADJOUA ANNA MARIANA
DAHO SALIMATA;SFM;0596271238;DS238;DAHO SALIMATA
KOUADIO AMENAN MARIELLE SIDOINE;SFM;0758290766;KA766;KOUADIO AMENAN MARIELLE SIDOINE
ESSAN KOUAME HERVE DELMAS;IDE;0173037703;EK703;ESSAN KOUAME HERVE DELMAS
MORO MAGNE ANGE SEPHORA;SFM;0788391951;MM951;MORO MAGNE ANGE SEPHORA
KOUASSI BORIS SIDOINE;IDE;0143678853;KB853A;KOUASSI BORIS SIDOINE
KOUAME APIE FERNANDEZ;SFM;0747250257;KA257;KOUAME APIE FERNANDEZ
KOUAKOU BOUSSOU AMENAN NINA;IDE;0758741804;KB804;KOUAKOU BOUSSOU AMENAN NINA
KRA KOSSIA HONORINE;IDE;0748760757;KK757;KRA KOSSIA HONORINE
OUATTARA YAH ABIBA NEKOH;IDE;0717219522;OY522;OUATTARA YAH ABIBA NEKOH
EKAZA EKAZA HYPOLITE;IDE;0757623158;EE158;EKAZA EKAZA HYPOLITE
ASSI CHIA LAURÈNE CHRISTIANA;SFM;0769127919;AC919;ASSI CHIA LAURÈNE CHRISTIANA
TANOH JEAN HUGUES MARTIAL;IDE;0704056503;TJ503;TANOH JEAN HUGUES MARTIAL
OUATTARA ANZIATA;SFM;0705815875;OA875;OUATTARA ANZIATA
KRA YA VANESSA ESTELLE ANDREA;IDE;0757420328;KY328;KRA YA VANESSA ESTELLE ANDREA
KANGA ADJA ROSINE;IDE;0758029326;KA326;KANGA ADJA ROSINE
AKON YAVO CHARLÈNE SHELLA;IDE;0707320405;AY405;AKON YAVO CHARLÈNE SHELLA
ALLE GUY-JAURES;IDE;0150909931;AG931;ALLE GUY-JAURES
KOBENA ATTA GASPARD;IDE;0759195240;KA240;KOBENA ATTA GASPARD
COULIBALY FERIMAN MALIDJATOU;SFM;0702902281;CF281;COULIBALY FERIMAN MALIDJATOU
GNOLEBA ERIC ARMAND;IDE;0153957551;GE551;GNOLEBA ERIC ARMAND
TRAORÉ AMI;IDE;0504781724;TA724;Traoré Ami
LAMOUDOU JOËLLE STÉPHANIE;IDE;0142204478;LJ478;LAMOUDOU JOËLLE STÉPHANIE
SEHI LINDA MEGANE;IDE;0748592587;SL587;SEHI LINDA MEGANE
OBROU JUNIOR;SFM;0544660024;OJ024;OBROU JUNIOR
TOKOU TAKI;SFM;0709566340;TT340;TOKOU TAKI SIMONE
DJIRE SALIMATA;SFM;0777243839;DS839;DUIRE SALIMATA
GBOKO AKOUA FOKOUO NATHALIA;IDE;0717563549;GA549;GBOKO AKOUA FOKOUO NATHALIA
KAKOU AHOU MARINA DIVINE;IDE;0576747411;KA411;KAKOU AHOU MARINA DIVINE
SEKA LESLY CLAUDIA;IDE;0758474023;SL023;Seka lesly CLAUDIA
DAGOUAGA ZIWONNON EUPHRASIE;SFM;0797386461;DZ461A;DAGOUAGA ZIWONNON EUPHRASIE
KEÏTA BAMOUSSA;IDE;0757071339;KB339;KEÏTA BAMOUSSA
ASSIE ESSO HERMANN;IDE;0161779837;AE837;ASSIE ESSO HERMANN
AKRE PETEY ROHON HELENE;SFM;0544155440;AP440;AKRE PETEY ROHON HELENE
KONIN AMOIN INES;IDE;0798454550;KA550;KONIN AMOIN INES
ASSAMOI AKA FRANÇOIS;IDE;0555131114;AA114;ASSAMOI AKA FRANÇOIS
KASSI TCHOUWA MARIE JOSEE COLOMBE;IDE;0747912305;KT305;KASSI TCHOUWA MARIE JOSEE COLOMBE
ASSI EMILIE DELICE;IDE;0769797344;AE344;ASSI EMILIE DELICE
AMIAN BERNARD;IDE;0777780264;AB264;AMIAN BERNARD
KOUAME N'DA;SFM;0777362459;KN459;KOUAME N'DA
KONAN N’GUESSAN NADINE;IDE;0574226543;KN543;KONAN N’GUESSAN NADINE
DRABO KOROTOUM;SFM;0789954328;DK328;DRABO KOROTOUM
KOUAME AGNÈS;SFM;0101287855;KA855;KOUAME AGNÈS DÉSIRÉE ROSINE
KADJO KOFFI FRANCK;IDE;0749561522;KK522;KADJO KOFFI FRANCK
YAO KOBENAN KOSSIA MARIE JOSÉE;SFM;0554813080;YK080;YAO KOBENAN KOSSIA MARIE JOSÉE
DOUMBIA SALI;IDE;0717305174;DS174;DOUMBIA SALI
GUY SARRAH;SFM;0140010620;GS620;GUY SARRAH
HIEN SANSAN;IDE;0545982205;HS205;HIEN SANSAN
N'CHOU ESTHER ANNE -MARI;SFM;0507791533;NE533;N'CHOU ESTHER ANNE-MARI
DAHOU KADIDJATA;IDE;0768198445;DK445;DAHOU KADIDJATA
KOUABLAN AKO COLETTE;SFM;0749934694;KC694;KOUABLAN AKO COLETTE
KACOU ASSAH MARTINE;SFM;0787746253;KA253;KACOU ASSAH MARTINE
SEKA FLORENCIA;SFM;0788778447;SF447;SEKA FLORENCIA
BERTE ISSA;IDE;0574535583;BI583;BERTE ISSA
ATSE KOUSSO SYLVIANE;SFM;0758212431;AK431;ATSE KOUSSO SYLVIANE
DJAN CHRISTELLE;SFM;0757100010;DC010;DJAN CHRISTELLE
DIARASSOUBA KHALIL AZIZ;IDE;0789250316;DK316;DIARASSOUBA KHALIL AZIZ
DJAHA N' GUESSAN VIRGINIE;IDE;0758860556;DN556;DJAHA N' GUESSAN VIRGINIE
BLEDOU AMANOUA SAMUELLE;IDE;0102880087;BA087;BLEDOU AMANOUA SAMUELLE
KOFFI GRACE ANGE LAETITIA;SFM;0719368806;KG806;KOFFI GRACE ANGE LAETITIA
KOUAME ALFRED;IDE;0769979936;KA936;KOUAME ALFRED
KOFFI GRACE;SFM;0788379916;KL916;KOFFI LAETITIA
N'GUETTA ADIA MARIE CHRISTIANE;IDE;0789805372;NA372;N'GUETTA ADIA MARIE CHRISTIANE
IRIÉ LOU TRANAN NADÈGE;SFM;0758672626;IL626;IRIÉ LOU TRANAN NADÈGE
TEHOUA JEAN EMMANUEL BROU;IDE;0748730785;TJ785;TEHOUA JEAN EMMANUEL BROU
KOUA ANGB0MAN SIMONE;SFM;0757933832;KA832;KOUA ANGB0MAN SIMONE
KOUADIO JEAN MODESTE;IDE;0596879106;KJ106;KOUADIO JEAN MODESTE
BROU CHIA THULIA PARIANA;SFM;0716943811;BC811;BROU CHIA THULIA PARIANA
OUATTARA AKOUA ROSALIE;IDE;0707756635;OA635;OUATTARA AKOUA ROSALIE
KOUASSI AHOU TATIANA MARIE LAURE;SFM;0707619853;KA853;KOUASSI AHOU TATIANA MARIE LAURE
KANGA JEAN MARC PATERNE;IDE;0708034597;KJ597;KANGA JEAN MARC PATERNE
EKOUMANO KOUADIO DANIEL;IDE;0799138062;EK062;EKOUMANO KOUADIO DANIEL
ABE N'DRIN DELIMA;IDE;0759028107;AN107;ABE N'DRIN DELIMA DORIANE
MARIAM OUATTARA;IDE;0565050069;MO069;MARIAM OUATTARA
